ID,CommitCount#Lab1,Failed#Lab1,Passed#Lab1,Error#Lab1,Done#Lab1 ,ActiveDays#Lab1,CommitsPerDay#Lab1
134806,0.037037037037037035,0.125,0.07142857142857142,0.125,0.0,0.0,0.0
141133,0.1111111111111111,0.125,0.4285714285714285,0.375,1.0,0.25,0.1111111111111111
141699,0.07407407407407407,0.125,0.5714285714285714,0.125,1.0,0.125,0.1111111111111111
148194,0.1111111111111111,1.0,0.07142857142857142,0.125,1.0,0.25,0.1111111111111111
159955,0.037037037037037035,0.125,0.07142857142857142,0.125,0.0,0.0,0.0
171324,0.037037037037037035,0.125,0.07142857142857142,0.125,0.0,0.0,0.0
171798,0.037037037037037035,0.125,0.07142857142857142,0.125,0.0,0.0,0.0
171997,0.037037037037037035,0.125,0.07142857142857142,0.125,0.0,0.0,0.0
172546,0.037037037037037035,0.125,0.07142857142857142,0.125,0.0,0.0,0.0
173333,0.037037037037037035,0.125,0.07142857142857142,0.125,0.0,0.0,0.0
176190,0.037037037037037035,0.125,0.07142857142857142,0.125,0.0,0.0,0.0
176301,0.037037037037037035,0.125,0.07142857142857142,0.125,0.0,0.0,0.0
180886,0.07407407407407407,0.125,0.5714285714285714,0.125,1.0,0.125,0.1111111111111111
182803,0.07407407407407407,0.75,0.21428571428571427,0.125,1.0,0.125,0.1111111111111111
183521,0.07407407407407407,0.125,0.5714285714285714,0.125,1.0,0.125,0.1111111111111111
185493,0.18518518518518517,0.375,0.4285714285714285,0.125,1.0,0.25,0.2222222222222222
185638,0.037037037037037035,0.125,0.07142857142857142,0.125,0.0,0.0,0.0
186166,0.037037037037037035,0.125,0.07142857142857142,0.125,0.0,0.0,0.0
186636,0.0,0.0,0.0,0.0,0.0,0.0,0.0
187285,0.07407407407407407,0.75,0.14285714285714285,0.25,1.0,0.125,0.1111111111111111
187597,0.037037037037037035,0.125,0.07142857142857142,0.125,0.0,0.0,0.0
193528,0.037037037037037035,0.125,0.07142857142857142,0.125,0.0,0.0,0.0
193808,0.07407407407407407,0.5,0.3571428571428571,0.125,1.0,0.125,0.1111111111111111
194148,0.25925925925925924,0.125,0.2857142857142857,0.625,1.0,0.5,0.1111111111111111
194177,0.037037037037037035,0.125,0.07142857142857142,0.125,0.0,0.0,0.0
194362,0.07407407407407407,0.125,0.5714285714285714,0.125,1.0,0.125,0.1111111111111111
194408,0.1111111111111111,1.0,0.07142857142857142,0.125,1.0,0.25,0.1111111111111111
195243,0.037037037037037035,0.125,0.07142857142857142,0.125,0.0,0.0,0.0
195957,0.1111111111111111,0.125,0.4285714285714285,0.375,1.0,0.25,0.1111111111111111
196152,0.037037037037037035,0.125,0.07142857142857142,0.125,0.0,0.0,0.0
196892,0.07407407407407407,1.0,0.07142857142857142,0.125,1.0,0.125,0.1111111111111111
197376,0.037037037037037035,0.125,0.07142857142857142,0.125,0.0,0.0,0.0
197979,0.14814814814814814,1.0,0.07142857142857142,0.125,1.0,0.25,0.1111111111111111
200819,0.07407407407407407,0.125,0.5714285714285714,0.125,1.0,0.125,0.1111111111111111
200836,0.037037037037037035,0.125,0.07142857142857142,0.125,0.0,0.0,0.0
200844,0.07407407407407407,0.25,0.2857142857142857,0.5,1.0,0.125,0.1111111111111111
200946,0.07407407407407407,1.0,0.07142857142857142,0.125,1.0,0.125,0.1111111111111111
201006,0.037037037037037035,0.125,0.07142857142857142,0.125,0.0,0.0,0.0
201020,0.037037037037037035,0.125,0.07142857142857142,0.125,0.0,0.0,0.0
201220,0.037037037037037035,0.125,0.07142857142857142,0.125,0.0,0.0,0.0
201645,0.0,0.0,0.0,0.0,0.0,0.0,0.0
203010,0.18518518518518517,0.125,0.5714285714285714,0.125,1.0,0.25,0.2222222222222222
203450,0.18518518518518517,0.0,0.0,0.0,1.0,0.375,0.1111111111111111
203514,0.2962962962962963,0.125,0.5714285714285714,0.125,1.0,0.25,0.3333333333333333
203597,0.07407407407407407,0.125,0.5714285714285714,0.125,1.0,0.125,0.1111111111111111
203928,0.18518518518518517,0.0,0.4285714285714285,0.0,1.0,0.125,0.4444444444444444
204216,0.14814814814814814,1.0,0.07142857142857142,0.125,1.0,0.25,0.1111111111111111
204815,0.037037037037037035,0.125,0.07142857142857142,0.125,0.0,0.0,0.0
204880,0.18518518518518517,0.375,0.4285714285714285,0.125,1.0,0.125,0.4444444444444444
204976,0.037037037037037035,0.125,0.07142857142857142,0.125,0.0,0.0,0.0
205018,0.037037037037037035,0.125,0.07142857142857142,0.125,0.0,0.0,0.0
205103,0.037037037037037035,0.125,0.07142857142857142,0.125,0.0,0.0,0.0
205340,0.037037037037037035,0.125,0.07142857142857142,0.125,0.0,0.0,0.0
205391,0.1111111111111111,0.125,0.5714285714285714,0.125,1.0,0.25,0.1111111111111111
205766,0.0,0.0,0.0,0.0,0.0,0.0,0.0
205909,0.037037037037037035,0.125,0.07142857142857142,0.125,0.0,0.0,0.0
206596,0.07407407407407407,0.125,0.5714285714285714,0.125,1.0,0.125,0.1111111111111111
206618,0.037037037037037035,0.125,0.07142857142857142,0.125,0.0,0.0,0.0
207120,0.037037037037037035,0.125,0.07142857142857142,0.125,0.0,0.0,0.0
207248,0.18518518518518517,1.0,0.07142857142857142,0.125,1.0,0.25,0.2222222222222222
207316,0.037037037037037035,0.125,0.07142857142857142,0.125,0.0,0.0,0.0
207436,0.037037037037037035,0.125,0.07142857142857142,0.125,0.0,0.0,0.0
208342,0.18518518518518517,0.0,0.0,0.0,1.0,0.125,0.4444444444444444
211888,0.037037037037037035,0.125,0.07142857142857142,0.125,0.0,0.0,0.0
211999,0.3333333333333333,0.375,0.4285714285714285,0.125,1.0,0.5,0.2222222222222222
212092,0.037037037037037035,0.125,0.07142857142857142,0.125,0.0,0.0,0.0
212185,0.037037037037037035,0.125,0.07142857142857142,0.125,0.0,0.0,0.0
212300,0.037037037037037035,0.125,0.07142857142857142,0.125,0.0,0.0,0.0
212493,0.0,0.0,0.0,0.0,0.0,0.0,0.0
212712,0.07407407407407407,1.0,0.07142857142857142,0.125,1.0,0.125,0.1111111111111111
213076,0.037037037037037035,0.125,0.07142857142857142,0.125,0.0,0.0,0.0
213193,0.37037037037037035,0.125,0.5714285714285714,0.125,1.0,0.125,1.0
213385,0.037037037037037035,0.125,0.07142857142857142,0.125,0.0,0.0,0.0
213393,0.18518518518518517,1.0,0.07142857142857142,0.125,1.0,0.125,0.4444444444444444
213891,0.037037037037037035,0.125,0.07142857142857142,0.125,0.0,0.0,0.0
214134,0.18518518518518517,0.125,0.5714285714285714,0.125,1.0,0.25,0.2222222222222222
214552,0.07407407407407407,0.125,0.5714285714285714,0.125,1.0,0.125,0.1111111111111111
214555,0.1111111111111111,0.125,0.5714285714285714,0.125,1.0,0.125,0.2222222222222222
214684,0.18518518518518517,0.625,0.21428571428571427,0.25,1.0,0.25,0.2222222222222222
214827,0.037037037037037035,0.125,0.07142857142857142,0.125,0.0,0.0,0.0
214916,0.37037037037037035,0.125,0.5714285714285714,0.125,1.0,0.25,0.4444444444444444
214955,0.0,0.0,0.0,0.0,0.0,0.0,0.0
214960,0.2222222222222222,0.125,0.5714285714285714,0.125,1.0,0.125,0.5555555555555556
215449,0.14814814814814814,0.125,0.5714285714285714,0.125,1.0,0.125,0.3333333333333333
215536,0.07407407407407407,1.0,0.07142857142857142,0.125,1.0,0.125,0.1111111111111111
215741,0.037037037037037035,0.125,0.07142857142857142,0.125,0.0,0.0,0.0
215855,0.037037037037037035,0.125,0.07142857142857142,0.125,0.0,0.0,0.0
215904,0.1111111111111111,0.125,0.5714285714285714,0.125,1.0,0.25,0.1111111111111111
215988,0.037037037037037035,0.125,0.07142857142857142,0.125,0.0,0.0,0.0
216178,0.37037037037037035,0.125,0.5714285714285714,0.125,1.0,0.375,0.3333333333333333
216249,0.037037037037037035,0.125,0.07142857142857142,0.125,0.0,0.0,0.0
216576,0.037037037037037035,0.125,0.07142857142857142,0.125,0.0,0.0,0.0
216668,0.2222222222222222,0.125,0.5714285714285714,0.125,1.0,0.25,0.2222222222222222
216774,0.037037037037037035,0.125,0.07142857142857142,0.125,0.0,0.0,0.0
217057,0.2222222222222222,0.125,0.5714285714285714,0.125,1.0,0.125,0.5555555555555556
217230,0.037037037037037035,0.125,0.07142857142857142,0.125,0.0,0.0,0.0
217257,0.037037037037037035,0.125,0.07142857142857142,0.125,0.0,0.0,0.0
217322,0.2222222222222222,0.125,0.5714285714285714,0.125,1.0,0.25,0.2222222222222222
217448,0.037037037037037035,0.125,0.07142857142857142,0.125,0.0,0.0,0.0
217818,0.18518518518518517,0.0,0.07142857142857142,0.0,1.0,0.375,0.1111111111111111
217970,0.037037037037037035,0.125,0.07142857142857142,0.125,0.0,0.0,0.0
218029,0.037037037037037035,0.125,0.07142857142857142,0.125,0.0,0.0,0.0
218123,0.0,0.0,0.0,0.0,0.0,0.0,0.0
218310,0.0,0.0,0.0,0.0,0.0,0.0,0.0
218332,0.037037037037037035,0.125,0.07142857142857142,0.125,0.0,0.0,0.0
218583,0.037037037037037035,0.125,0.07142857142857142,0.125,0.0,0.0,0.0
218710,0.037037037037037035,0.125,0.07142857142857142,0.125,0.0,0.0,0.0
218768,0.037037037037037035,0.125,0.07142857142857142,0.125,0.0,0.0,0.0
218827,0.037037037037037035,0.125,0.07142857142857142,0.125,0.0,0.0,0.0
218838,0.25925925925925924,0.25,0.3571428571428571,0.375,1.0,0.25,0.3333333333333333
219502,0.07407407407407407,1.0,0.07142857142857142,0.125,1.0,0.125,0.1111111111111111
219567,0.037037037037037035,0.125,0.07142857142857142,0.125,0.0,0.0,0.0
222646,0.037037037037037035,0.125,0.07142857142857142,0.125,0.0,0.0,0.0
222715,0.07407407407407407,1.0,0.07142857142857142,0.125,1.0,0.125,0.1111111111111111
222743,0.037037037037037035,0.125,0.07142857142857142,0.125,0.0,0.0,0.0
222857,0.3333333333333333,0.25,0.3571428571428571,0.375,1.0,0.375,0.2222222222222222
222889,0.037037037037037035,0.125,0.07142857142857142,0.125,0.0,0.0,0.0
223038,0.037037037037037035,0.125,0.07142857142857142,0.125,0.0,0.0,0.0
223039,0.1111111111111111,0.125,0.5714285714285714,0.125,1.0,0.125,0.2222222222222222
223057,0.037037037037037035,0.125,0.07142857142857142,0.125,0.0,0.0,0.0
223110,0.2222222222222222,0.25,0.3571428571428571,0.375,1.0,0.25,0.2222222222222222
223269,0.1111111111111111,0.125,0.5714285714285714,0.125,1.0,0.25,0.1111111111111111
223927,0.037037037037037035,0.125,0.07142857142857142,0.125,0.0,0.0,0.0
224013,0.037037037037037035,0.125,0.07142857142857142,0.125,0.0,0.0,0.0
224181,0.037037037037037035,0.125,0.07142857142857142,0.125,0.0,0.0,0.0
224313,0.07407407407407407,0.375,0.4285714285714285,0.125,1.0,0.125,0.1111111111111111
224399,0.037037037037037035,0.125,0.07142857142857142,0.125,0.0,0.0,0.0
224433,0.037037037037037035,0.125,0.07142857142857142,0.125,0.0,0.0,0.0
224630,0.037037037037037035,0.125,0.07142857142857142,0.125,0.0,0.0,0.0
224632,0.037037037037037035,0.125,0.07142857142857142,0.125,0.0,0.0,0.0
225063,0.07407407407407407,0.0,0.0,0.0,1.0,0.125,0.1111111111111111
225951,0.14814814814814814,0.25,0.5,0.125,1.0,0.25,0.1111111111111111
225982,0.4444444444444444,0.125,0.5714285714285714,0.125,1.0,0.625,0.2222222222222222
226131,0.037037037037037035,0.125,0.07142857142857142,0.125,0.0,0.0,0.0
226265,0.37037037037037035,0.125,0.4285714285714285,0.375,1.0,0.25,0.4444444444444444
226421,0.14814814814814814,0.125,0.5714285714285714,0.125,1.0,0.25,0.1111111111111111
226464,0.037037037037037035,0.125,0.07142857142857142,0.125,0.0,0.0,0.0
226517,0.037037037037037035,0.125,0.07142857142857142,0.125,0.0,0.0,0.0
226619,0.14814814814814814,1.0,0.07142857142857142,0.125,1.0,0.25,0.1111111111111111
226718,0.07407407407407407,0.125,0.5714285714285714,0.125,1.0,0.125,0.1111111111111111
226761,0.037037037037037035,0.125,0.07142857142857142,0.125,0.0,0.0,0.0
226808,0.037037037037037035,0.125,0.07142857142857142,0.125,0.0,0.0,0.0
227086,0.037037037037037035,0.125,0.07142857142857142,0.125,0.0,0.0,0.0
227245,0.14814814814814814,0.125,0.14285714285714285,0.875,1.0,0.375,0.1111111111111111
227246,0.18518518518518517,0.125,0.5714285714285714,0.125,1.0,0.375,0.1111111111111111
227564,0.18518518518518517,1.0,0.07142857142857142,0.125,1.0,0.25,0.2222222222222222
227689,0.037037037037037035,0.125,0.07142857142857142,0.125,0.0,0.0,0.0
227734,0.14814814814814814,0.375,0.4285714285714285,0.125,1.0,0.25,0.1111111111111111
227834,0.037037037037037035,0.125,0.07142857142857142,0.125,0.0,0.0,0.0
227969,0.037037037037037035,0.125,0.07142857142857142,0.125,0.0,0.0,0.0
227998,0.1111111111111111,0.625,0.2857142857142857,0.125,1.0,0.125,0.2222222222222222
228074,0.037037037037037035,0.125,0.07142857142857142,0.125,0.0,0.0,0.0
228260,0.07407407407407407,1.0,0.07142857142857142,0.125,1.0,0.125,0.1111111111111111
228326,0.037037037037037035,0.125,0.07142857142857142,0.125,0.0,0.0,0.0
228341,0.3333333333333333,0.125,0.5714285714285714,0.125,1.0,0.5,0.2222222222222222
228347,0.037037037037037035,0.125,0.07142857142857142,0.125,0.0,0.0,0.0
228354,0.037037037037037035,0.125,0.07142857142857142,0.125,0.0,0.0,0.0
228397,0.037037037037037035,0.125,0.07142857142857142,0.125,0.0,0.0,0.0
228464,0.3333333333333333,0.125,0.5714285714285714,0.125,1.0,0.625,0.1111111111111111
228534,0.037037037037037035,0.125,0.07142857142857142,0.125,0.0,0.0,0.0
228544,0.07407407407407407,1.0,0.07142857142857142,0.125,1.0,0.125,0.1111111111111111
228547,0.1111111111111111,0.0,0.07142857142857142,0.0,1.0,0.25,0.1111111111111111
228653,0.1111111111111111,1.0,0.07142857142857142,0.125,1.0,0.25,0.1111111111111111
228732,0.037037037037037035,0.125,0.07142857142857142,0.125,0.0,0.0,0.0
229135,0.037037037037037035,0.125,0.07142857142857142,0.125,0.0,0.0,0.0
229200,0.037037037037037035,0.125,0.07142857142857142,0.125,0.0,0.0,0.0
229231,0.6666666666666665,0.25,0.2857142857142857,0.5,1.0,0.75,0.2222222222222222
229305,0.037037037037037035,0.125,0.07142857142857142,0.125,0.0,0.0,0.0
229335,0.037037037037037035,0.125,0.07142857142857142,0.125,0.0,0.0,0.0
229441,0.3333333333333333,0.5,0.07142857142857142,0.625,1.0,0.125,0.8888888888888888
229445,0.037037037037037035,0.125,0.07142857142857142,0.125,0.0,0.0,0.0
229703,0.18518518518518517,0.125,0.5714285714285714,0.125,1.0,0.5,0.1111111111111111
229798,0.07407407407407407,1.0,0.07142857142857142,0.125,1.0,0.125,0.1111111111111111
229803,0.2222222222222222,0.125,0.5714285714285714,0.125,1.0,0.375,0.1111111111111111
229820,0.1111111111111111,0.125,0.5714285714285714,0.125,1.0,0.25,0.1111111111111111
229973,0.07407407407407407,0.25,0.5,0.125,1.0,0.125,0.1111111111111111
230003,0.037037037037037035,0.125,0.07142857142857142,0.125,0.0,0.0,0.0
230803,0.037037037037037035,0.125,0.07142857142857142,0.125,0.0,0.0,0.0
230964,0.037037037037037035,0.125,0.07142857142857142,0.125,0.0,0.0,0.0
231911,0.14814814814814814,0.125,0.5714285714285714,0.125,1.0,0.125,0.3333333333333333
233690,0.14814814814814814,0.125,0.5714285714285714,0.125,1.0,0.125,0.3333333333333333
233692,0.037037037037037035,0.125,0.07142857142857142,0.125,0.0,0.0,0.0
233715,0.14814814814814814,0.125,0.5714285714285714,0.125,1.0,0.375,0.1111111111111111
233777,0.07407407407407407,0.0,0.0,0.0,1.0,0.125,0.1111111111111111
233837,0.2962962962962963,0.375,0.4285714285714285,0.125,1.0,0.125,0.7777777777777777
233868,0.1111111111111111,0.125,0.5714285714285714,0.125,1.0,0.25,0.1111111111111111
233882,0.037037037037037035,0.125,0.07142857142857142,0.125,0.0,0.0,0.0
233894,0.0,0.0,0.0,0.0,0.0,0.0,0.0
233935,0.37037037037037035,0.125,0.5714285714285714,0.125,1.0,0.375,0.3333333333333333
233961,0.037037037037037035,0.125,0.07142857142857142,0.125,0.0,0.0,0.0
233970,0.18518518518518517,0.125,0.5714285714285714,0.125,1.0,0.375,0.1111111111111111
233979,0.037037037037037035,0.125,0.07142857142857142,0.125,0.0,0.125,0.1111111111111111
233996,0.1111111111111111,1.0,0.07142857142857142,0.125,1.0,0.125,0.2222222222222222
234095,0.18518518518518517,0.125,0.5714285714285714,0.125,1.0,0.25,0.2222222222222222
234112,0.25925925925925924,0.125,0.5714285714285714,0.125,1.0,0.375,0.2222222222222222
234117,0.07407407407407407,0.75,0.21428571428571427,0.125,1.0,0.125,0.1111111111111111
234128,0.07407407407407407,0.375,0.14285714285714285,0.625,1.0,0.125,0.1111111111111111
234139,0.037037037037037035,0.125,0.07142857142857142,0.125,0.0,0.0,0.0
234143,0.07407407407407407,0.125,0.14285714285714285,0.875,1.0,0.125,0.1111111111111111
234192,0.037037037037037035,0.125,0.07142857142857142,0.125,0.0,0.0,0.0
234228,0.07407407407407407,0.375,0.14285714285714285,0.625,1.0,0.125,0.1111111111111111
234274,0.037037037037037035,0.125,0.07142857142857142,0.125,0.0,0.0,0.0
234288,0.037037037037037035,0.125,0.07142857142857142,0.125,0.0,0.0,0.0
234341,0.07407407407407407,1.0,0.07142857142857142,0.125,1.0,0.125,0.1111111111111111
234362,0.037037037037037035,0.125,0.07142857142857142,0.125,0.0,0.0,0.0
234407,0.037037037037037035,0.125,0.07142857142857142,0.125,0.0,0.0,0.0
234445,0.1111111111111111,0.125,0.5714285714285714,0.125,1.0,0.125,0.2222222222222222
234447,0.07407407407407407,0.375,0.4285714285714285,0.125,1.0,0.125,0.1111111111111111
234451,0.07407407407407407,0.125,0.5714285714285714,0.125,1.0,0.125,0.1111111111111111
234457,0.07407407407407407,0.0,0.14285714285714285,0.0,1.0,0.125,0.1111111111111111
234463,0.037037037037037035,0.125,0.07142857142857142,0.125,0.0,0.0,0.0
234465,0.14814814814814814,0.25,0.3571428571428571,0.375,1.0,0.375,0.1111111111111111
234551,0.037037037037037035,0.125,0.07142857142857142,0.125,0.0,0.0,0.0
234564,0.07407407407407407,1.0,0.07142857142857142,0.125,1.0,0.125,0.1111111111111111
234627,0.037037037037037035,0.125,0.07142857142857142,0.125,0.0,0.0,0.0
234710,0.1111111111111111,0.125,0.5714285714285714,0.125,1.0,0.25,0.1111111111111111
234735,0.037037037037037035,0.125,0.07142857142857142,0.125,0.0,0.0,0.0
234768,0.18518518518518517,0.125,0.5714285714285714,0.125,1.0,0.375,0.1111111111111111
234803,0.07407407407407407,0.375,0.4285714285714285,0.125,1.0,0.125,0.1111111111111111
234813,0.14814814814814814,0.875,0.14285714285714285,0.125,1.0,0.125,0.3333333333333333
234836,0.037037037037037035,0.125,0.07142857142857142,0.125,0.0,0.0,0.0
234970,0.14814814814814814,0.125,0.5714285714285714,0.125,1.0,0.25,0.1111111111111111
235000,0.037037037037037035,0.125,0.07142857142857142,0.125,0.0,0.0,0.0
235002,0.07407407407407407,1.0,0.07142857142857142,0.125,1.0,0.125,0.1111111111111111
235017,0.037037037037037035,0.125,0.07142857142857142,0.125,0.0,0.0,0.0
235018,0.1111111111111111,1.0,0.07142857142857142,0.125,1.0,0.25,0.1111111111111111
235069,0.07407407407407407,0.125,0.5714285714285714,0.125,1.0,0.125,0.1111111111111111
235078,0.0,0.0,0.0,0.0,0.0,0.0,0.0
235087,0.3333333333333333,0.0,0.21428571428571427,0.0,1.0,0.375,0.2222222222222222
235092,0.2222222222222222,0.125,0.5714285714285714,0.125,1.0,0.125,0.5555555555555556
235130,0.07407407407407407,0.125,0.5714285714285714,0.125,1.0,0.125,0.1111111111111111
235147,0.037037037037037035,0.125,0.07142857142857142,0.125,0.0,0.0,0.0
235225,0.037037037037037035,0.125,0.07142857142857142,0.125,0.0,0.0,0.0
235330,0.4444444444444444,0.0,0.4285714285714285,0.0,1.0,0.375,0.3333333333333333
235372,0.07407407407407407,0.25,0.3571428571428571,0.375,1.0,0.125,0.1111111111111111
235432,0.5925925925925926,0.375,0.4285714285714285,0.125,1.0,0.875,0.2222222222222222
235508,0.037037037037037035,0.125,0.07142857142857142,0.125,0.0,0.0,0.0
235568,0.07407407407407407,0.125,0.5714285714285714,0.125,1.0,0.125,0.1111111111111111
235574,0.18518518518518517,0.125,0.5714285714285714,0.125,1.0,0.125,0.4444444444444444
235604,0.037037037037037035,0.125,0.07142857142857142,0.125,0.0,0.0,0.0
235622,0.07407407407407407,0.375,0.4285714285714285,0.125,1.0,0.125,0.1111111111111111
235766,0.07407407407407407,0.125,0.5714285714285714,0.125,1.0,0.125,0.1111111111111111
235818,0.037037037037037035,0.125,0.07142857142857142,0.125,0.0,0.0,0.0
235821,0.14814814814814814,0.5,0.3571428571428571,0.125,1.0,0.25,0.1111111111111111
235829,0.037037037037037035,0.125,0.07142857142857142,0.125,0.0,0.0,0.0
235895,0.14814814814814814,0.125,0.5714285714285714,0.125,1.0,0.375,0.1111111111111111
235901,0.037037037037037035,0.125,0.07142857142857142,0.125,0.0,0.0,0.0
235904,0.5555555555555556,0.125,0.4285714285714285,0.375,1.0,0.625,0.2222222222222222
235909,0.07407407407407407,0.125,0.5714285714285714,0.125,1.0,0.125,0.1111111111111111
235957,0.07407407407407407,1.0,0.07142857142857142,0.125,1.0,0.125,0.1111111111111111
236099,0.037037037037037035,0.125,0.07142857142857142,0.125,0.0,0.0,0.0
236131,0.037037037037037035,0.125,0.07142857142857142,0.125,0.0,0.0,0.0
236135,0.07407407407407407,0.125,0.5714285714285714,0.125,1.0,0.125,0.1111111111111111
236149,0.07407407407407407,0.375,0.4285714285714285,0.125,1.0,0.125,0.1111111111111111
236195,0.037037037037037035,0.125,0.07142857142857142,0.125,0.0,0.0,0.0
236245,0.07407407407407407,0.125,0.5714285714285714,0.125,1.0,0.125,0.1111111111111111
236275,0.037037037037037035,0.125,0.07142857142857142,0.125,0.0,0.0,0.0
236291,0.2962962962962963,0.375,0.3571428571428571,0.25,1.0,0.25,0.3333333333333333
236304,0.037037037037037035,0.125,0.07142857142857142,0.125,0.0,0.0,0.0
236389,0.07407407407407407,0.0,0.0,0.0,1.0,0.125,0.1111111111111111
236397,0.2222222222222222,0.125,0.5714285714285714,0.125,1.0,0.125,0.5555555555555556
236502,0.07407407407407407,0.125,0.5714285714285714,0.125,1.0,0.125,0.1111111111111111
236558,0.14814814814814814,0.375,0.4285714285714285,0.125,1.0,0.25,0.1111111111111111
236570,0.037037037037037035,0.125,0.07142857142857142,0.125,0.0,0.0,0.0
236594,0.1111111111111111,0.375,0.4285714285714285,0.125,1.0,0.125,0.2222222222222222
236622,0.2222222222222222,0.125,0.5714285714285714,0.125,1.0,0.25,0.2222222222222222
236624,0.25925925925925924,0.125,0.3571428571428571,0.5,1.0,0.5,0.1111111111111111
236628,0.037037037037037035,0.125,0.07142857142857142,0.125,0.0,0.0,0.0
236635,0.2222222222222222,0.875,0.14285714285714285,0.125,1.0,0.125,0.5555555555555556
236644,0.18518518518518517,0.875,0.14285714285714285,0.125,1.0,0.125,0.4444444444444444
236734,0.037037037037037035,0.125,0.07142857142857142,0.125,0.0,0.0,0.0
236783,0.037037037037037035,0.125,0.07142857142857142,0.125,0.0,0.0,0.0
236853,0.18518518518518517,0.125,0.5714285714285714,0.125,1.0,0.375,0.1111111111111111
236878,0.07407407407407407,0.0,0.0,0.0,1.0,0.125,0.1111111111111111
236990,0.1111111111111111,0.0,0.0,0.0,1.0,0.125,0.2222222222222222
237001,0.037037037037037035,0.125,0.07142857142857142,0.125,0.0,0.0,0.0
237008,0.2222222222222222,0.125,0.5714285714285714,0.125,1.0,0.125,0.5555555555555556
237100,0.2222222222222222,0.125,0.5714285714285714,0.125,1.0,0.125,0.5555555555555556
237101,0.1111111111111111,0.5,0.2857142857142857,0.25,1.0,0.25,0.1111111111111111
237172,0.07407407407407407,1.0,0.07142857142857142,0.125,1.0,0.125,0.1111111111111111
237205,0.18518518518518517,0.125,0.5714285714285714,0.125,1.0,0.25,0.2222222222222222
237306,0.037037037037037035,0.125,0.07142857142857142,0.125,0.0,0.0,0.0
237391,0.037037037037037035,0.125,0.07142857142857142,0.125,0.0,0.0,0.0
237431,0.1111111111111111,0.125,0.5714285714285714,0.125,1.0,0.125,0.2222222222222222
237439,0.07407407407407407,1.0,0.07142857142857142,0.125,1.0,0.125,0.1111111111111111
237485,0.1111111111111111,0.125,0.5714285714285714,0.125,1.0,0.25,0.1111111111111111
237514,0.07407407407407407,0.125,0.5714285714285714,0.125,1.0,0.125,0.1111111111111111
237569,0.14814814814814814,0.0,0.0,0.0,1.0,0.375,0.1111111111111111
237570,0.037037037037037035,0.125,0.07142857142857142,0.125,0.0,0.0,0.0
237604,0.4444444444444444,0.625,0.21428571428571427,0.25,1.0,0.625,0.1111111111111111
237627,0.3333333333333333,0.125,0.5714285714285714,0.125,1.0,0.375,0.2222222222222222
237646,0.2222222222222222,0.0,0.0,0.0,1.0,0.125,0.5555555555555556
237723,0.2222222222222222,0.125,0.5714285714285714,0.125,1.0,0.125,0.5555555555555556
237741,0.1111111111111111,0.375,0.4285714285714285,0.125,1.0,0.125,0.2222222222222222
237748,0.4444444444444444,0.125,0.5714285714285714,0.125,1.0,0.375,0.3333333333333333
237750,0.037037037037037035,0.125,0.07142857142857142,0.125,0.0,0.0,0.0
237778,0.2962962962962963,0.125,0.3571428571428571,0.5,1.0,0.5,0.1111111111111111
237918,0.037037037037037035,0.125,0.07142857142857142,0.125,0.0,0.0,0.0
237932,0.07407407407407407,0.125,0.5714285714285714,0.125,1.0,0.125,0.1111111111111111
237966,0.037037037037037035,0.125,0.07142857142857142,0.125,0.0,0.0,0.0
237977,0.2222222222222222,0.125,0.5714285714285714,0.125,1.0,0.25,0.2222222222222222
238036,0.037037037037037035,0.125,0.07142857142857142,0.125,0.0,0.0,0.0
238070,0.0,0.0,0.0,0.0,0.0,0.0,0.0
238164,0.07407407407407407,1.0,0.07142857142857142,0.125,1.0,0.125,0.1111111111111111
238231,0.0,0.0,0.0,0.0,0.0,0.0,0.0
238290,0.2962962962962963,0.25,0.3571428571428571,0.375,1.0,0.5,0.1111111111111111
238335,0.07407407407407407,0.125,0.5714285714285714,0.125,1.0,0.125,0.1111111111111111
238376,0.4444444444444444,0.5,0.2857142857142857,0.25,1.0,0.875,0.1111111111111111
238438,0.037037037037037035,0.125,0.07142857142857142,0.125,0.0,0.0,0.0
238455,0.037037037037037035,0.125,0.07142857142857142,0.125,0.0,0.0,0.0
238485,0.18518518518518517,0.125,0.5714285714285714,0.125,1.0,0.5,0.1111111111111111
238658,0.037037037037037035,0.125,0.07142857142857142,0.125,0.0,0.0,0.0
238660,0.07407407407407407,0.125,0.5,0.25,1.0,0.125,0.1111111111111111
238758,0.037037037037037035,0.125,0.07142857142857142,0.125,0.0,0.0,0.0
238878,0.037037037037037035,0.125,0.07142857142857142,0.125,0.0,0.0,0.0
238961,0.037037037037037035,0.125,0.07142857142857142,0.125,0.0,0.0,0.0
239051,0.037037037037037035,0.125,0.07142857142857142,0.125,0.0,0.0,0.0
239181,0.18518518518518517,0.125,0.5,0.25,1.0,0.25,0.2222222222222222
239207,0.07407407407407407,0.0,0.0,0.0,1.0,0.125,0.1111111111111111
239213,0.07407407407407407,0.0,0.0,0.0,1.0,0.125,0.1111111111111111
239225,0.037037037037037035,0.125,0.07142857142857142,0.125,0.0,0.0,0.0
239238,0.07407407407407407,1.0,0.07142857142857142,0.125,1.0,0.125,0.1111111111111111
239277,0.18518518518518517,0.0,0.0,0.0,1.0,0.5,0.1111111111111111
239346,0.0,0.0,0.0,0.0,0.0,0.0,0.0
239569,0.18518518518518517,0.5,0.3571428571428571,0.125,1.0,0.375,0.1111111111111111
239697,0.07407407407407407,1.0,0.07142857142857142,0.125,1.0,0.125,0.1111111111111111
240095,0.037037037037037035,0.125,0.07142857142857142,0.125,0.0,0.0,0.0
240149,0.037037037037037035,0.125,0.07142857142857142,0.125,0.0,0.0,0.0
240200,0.1111111111111111,0.0,0.0,0.0,1.0,0.25,0.1111111111111111
240210,0.07407407407407407,0.125,0.5714285714285714,0.125,1.0,0.125,0.1111111111111111
240215,0.0,0.0,0.0,0.0,0.0,0.0,0.0
240315,0.07407407407407407,0.25,0.4285714285714285,0.25,1.0,0.125,0.1111111111111111
240467,0.037037037037037035,0.125,0.07142857142857142,0.125,0.0,0.0,0.0
240480,0.037037037037037035,0.125,0.07142857142857142,0.125,0.0,0.0,0.0
240591,0.07407407407407407,1.0,0.07142857142857142,0.125,1.0,0.125,0.1111111111111111
240626,0.037037037037037035,0.125,0.07142857142857142,0.125,0.0,0.0,0.0
240682,0.037037037037037035,0.125,0.07142857142857142,0.125,0.0,0.0,0.0
240705,0.07407407407407407,0.0,0.0,0.0,1.0,0.125,0.1111111111111111
240717,0.18518518518518517,0.375,0.4285714285714285,0.125,1.0,0.125,0.4444444444444444
240943,0.037037037037037035,0.125,0.07142857142857142,0.125,0.0,0.0,0.0
240958,0.037037037037037035,0.125,0.07142857142857142,0.125,0.0,0.0,0.0
241141,0.2222222222222222,0.125,0.5,0.25,1.0,0.25,0.2222222222222222
241212,0.037037037037037035,0.125,0.07142857142857142,0.125,0.0,0.0,0.0
241234,0.3333333333333333,0.5,0.3571428571428571,0.125,1.0,0.75,0.1111111111111111
241250,0.07407407407407407,0.375,0.4285714285714285,0.125,1.0,0.125,0.1111111111111111
241255,0.037037037037037035,0.125,0.07142857142857142,0.125,0.0,0.0,0.0
241367,0.037037037037037035,0.125,0.07142857142857142,0.125,0.0,0.0,0.0
241440,0.2222222222222222,0.125,0.5714285714285714,0.125,1.0,0.375,0.1111111111111111
241514,0.037037037037037035,0.125,0.07142857142857142,0.125,0.0,0.0,0.0
241565,0.037037037037037035,0.125,0.07142857142857142,0.125,0.0,0.0,0.0
243967,0.2222222222222222,0.125,0.5714285714285714,0.125,1.0,0.375,0.1111111111111111
244536,0.037037037037037035,0.125,0.07142857142857142,0.125,0.0,0.0,0.0
244680,0.1111111111111111,1.0,0.07142857142857142,0.125,1.0,0.25,0.1111111111111111
244707,0.3333333333333333,0.125,0.5714285714285714,0.125,1.0,0.25,0.4444444444444444
244712,0.1111111111111111,0.125,0.4285714285714285,0.375,1.0,0.25,0.1111111111111111
244714,0.2222222222222222,0.125,0.5714285714285714,0.125,1.0,0.125,0.5555555555555556
244733,0.37037037037037035,0.125,0.5714285714285714,0.125,1.0,0.5,0.2222222222222222
244751,0.18518518518518517,0.125,0.5714285714285714,0.125,1.0,0.125,0.4444444444444444
244753,0.07407407407407407,0.125,0.5714285714285714,0.125,1.0,0.125,0.1111111111111111
244780,0.2222222222222222,0.125,0.5714285714285714,0.125,1.0,0.625,0.1111111111111111
244782,0.07407407407407407,0.125,0.5714285714285714,0.125,1.0,0.125,0.1111111111111111
244796,0.14814814814814814,0.125,0.5714285714285714,0.125,1.0,0.25,0.1111111111111111
244800,0.25925925925925924,0.125,0.5714285714285714,0.125,1.0,0.125,0.6666666666666666
244804,0.07407407407407407,0.125,0.5714285714285714,0.125,1.0,0.125,0.1111111111111111
244806,0.07407407407407407,0.125,0.5714285714285714,0.125,1.0,0.125,0.1111111111111111
244807,0.07407407407407407,0.125,0.5714285714285714,0.125,1.0,0.125,0.1111111111111111
244809,0.07407407407407407,1.0,0.07142857142857142,0.125,1.0,0.125,0.1111111111111111
244810,0.2222222222222222,0.125,0.5714285714285714,0.125,1.0,0.125,0.5555555555555556
244816,0.3333333333333333,0.125,0.5714285714285714,0.125,1.0,0.375,0.2222222222222222
244819,0.07407407407407407,1.0,0.07142857142857142,0.125,1.0,0.125,0.1111111111111111
244836,0.14814814814814814,0.125,0.5714285714285714,0.125,1.0,0.125,0.3333333333333333
244840,0.07407407407407407,0.125,0.5714285714285714,0.125,1.0,0.125,0.1111111111111111
244847,0.37037037037037035,0.125,0.5714285714285714,0.125,1.0,0.5,0.2222222222222222
244854,0.07407407407407407,0.25,0.5,0.125,1.0,0.125,0.1111111111111111
244859,0.0,0.0,0.0,0.0,0.0,0.0,0.0
244863,0.07407407407407407,1.0,0.07142857142857142,0.125,1.0,0.125,0.1111111111111111
244879,0.2222222222222222,0.125,0.5714285714285714,0.125,1.0,0.25,0.2222222222222222
244887,0.5185185185185185,0.5,0.3571428571428571,0.125,1.0,0.375,0.4444444444444444
244888,0.1111111111111111,0.125,0.5714285714285714,0.125,1.0,0.125,0.2222222222222222
244896,0.1111111111111111,0.5,0.07142857142857142,0.625,1.0,0.25,0.1111111111111111
244898,0.25925925925925924,0.25,0.5,0.125,1.0,0.125,0.6666666666666666
244919,0.07407407407407407,0.125,0.5714285714285714,0.125,1.0,0.125,0.1111111111111111
244930,0.2962962962962963,0.25,0.4285714285714285,0.25,1.0,0.25,0.3333333333333333
244943,0.1111111111111111,0.125,0.5714285714285714,0.125,1.0,0.25,0.1111111111111111
244946,0.2222222222222222,0.125,0.5714285714285714,0.125,1.0,0.125,0.5555555555555556
244959,0.0,0.0,0.0,0.0,0.0,0.0,0.0
244964,0.07407407407407407,0.125,0.5714285714285714,0.125,1.0,0.125,0.1111111111111111
244966,0.2962962962962963,0.25,0.3571428571428571,0.375,1.0,0.375,0.2222222222222222
244986,0.1111111111111111,0.125,0.5714285714285714,0.125,1.0,0.125,0.2222222222222222
244994,0.07407407407407407,0.25,0.4285714285714285,0.25,1.0,0.125,0.1111111111111111
244995,0.25925925925925924,0.125,0.5714285714285714,0.125,1.0,0.125,0.6666666666666666
245000,0.1111111111111111,0.125,0.5714285714285714,0.125,1.0,0.25,0.1111111111111111
245003,0.037037037037037035,0.125,0.07142857142857142,0.125,0.0,0.0,0.0
245012,0.07407407407407407,0.125,0.5,0.25,1.0,0.125,0.1111111111111111
245020,0.07407407407407407,0.125,0.5714285714285714,0.125,1.0,0.125,0.1111111111111111
245031,0.07407407407407407,0.125,0.5714285714285714,0.125,1.0,0.125,0.1111111111111111
245037,0.07407407407407407,0.125,0.5714285714285714,0.125,1.0,0.125,0.1111111111111111
245041,0.37037037037037035,0.75,0.21428571428571427,0.125,1.0,0.875,0.1111111111111111
245047,0.14814814814814814,0.0,0.0,0.0,1.0,0.25,0.1111111111111111
245053,0.3333333333333333,0.125,0.5714285714285714,0.125,1.0,0.375,0.2222222222222222
245056,0.07407407407407407,0.125,0.5714285714285714,0.125,1.0,0.125,0.1111111111111111
245064,0.1111111111111111,0.125,0.5714285714285714,0.125,1.0,0.25,0.1111111111111111
245073,0.14814814814814814,0.25,0.2857142857142857,0.5,1.0,0.25,0.1111111111111111
245076,0.25925925925925924,0.125,0.5714285714285714,0.125,1.0,0.25,0.3333333333333333
245095,0.18518518518518517,0.125,0.5714285714285714,0.125,1.0,0.25,0.2222222222222222
245109,0.18518518518518517,0.125,0.5714285714285714,0.125,1.0,0.5,0.1111111111111111
245111,0.4074074074074074,0.125,0.5714285714285714,0.125,1.0,0.625,0.2222222222222222
245124,0.14814814814814814,0.125,0.5714285714285714,0.125,1.0,0.125,0.3333333333333333
245125,0.037037037037037035,0.125,0.07142857142857142,0.125,0.0,0.0,0.0
245134,0.18518518518518517,0.125,0.5714285714285714,0.125,1.0,0.125,0.4444444444444444
245136,0.2222222222222222,0.125,0.5714285714285714,0.125,1.0,0.25,0.2222222222222222
245201,0.2962962962962963,0.125,0.5714285714285714,0.125,1.0,0.125,0.7777777777777777
245216,0.07407407407407407,0.25,0.3571428571428571,0.375,1.0,0.125,0.1111111111111111
245249,0.2962962962962963,0.125,0.5714285714285714,0.125,1.0,0.25,0.3333333333333333
245258,0.37037037037037035,0.125,0.5714285714285714,0.125,1.0,0.25,0.4444444444444444
245261,0.2222222222222222,0.125,0.5714285714285714,0.125,1.0,0.125,0.5555555555555556
245275,0.07407407407407407,0.25,0.5,0.125,1.0,0.125,0.1111111111111111
245315,0.18518518518518517,0.125,0.5714285714285714,0.125,1.0,0.25,0.2222222222222222
245324,0.0,0.0,0.0,0.0,0.0,0.0,0.0
245342,0.2222222222222222,0.125,0.5714285714285714,0.125,1.0,0.375,0.1111111111111111
245355,0.2962962962962963,0.625,0.14285714285714285,0.375,1.0,0.5,0.1111111111111111
245390,0.1111111111111111,0.625,0.2857142857142857,0.125,1.0,0.125,0.2222222222222222
245395,0.1111111111111111,0.125,0.5714285714285714,0.125,1.0,0.125,0.2222222222222222
245410,0.14814814814814814,0.125,0.5714285714285714,0.125,1.0,0.25,0.1111111111111111
245426,0.1111111111111111,0.125,0.5714285714285714,0.125,1.0,0.125,0.2222222222222222
245427,0.1111111111111111,0.125,0.5714285714285714,0.125,1.0,0.25,0.1111111111111111
245430,0.4074074074074074,0.125,0.5714285714285714,0.125,1.0,0.625,0.2222222222222222
245442,0.25925925925925924,0.25,0.4285714285714285,0.25,1.0,0.375,0.2222222222222222
245447,0.5185185185185185,0.25,0.3571428571428571,0.375,1.0,0.625,0.2222222222222222
245464,0.07407407407407407,0.125,0.5714285714285714,0.125,1.0,0.125,0.1111111111111111
245492,0.18518518518518517,0.125,0.5714285714285714,0.125,1.0,0.125,0.4444444444444444
245510,0.5555555555555556,0.125,0.5714285714285714,0.125,1.0,0.375,0.4444444444444444
245511,0.2222222222222222,0.125,0.5714285714285714,0.125,1.0,0.25,0.2222222222222222
245532,0.037037037037037035,0.125,0.07142857142857142,0.125,0.0,0.0,0.0
245539,0.14814814814814814,0.125,0.5714285714285714,0.125,1.0,0.25,0.1111111111111111
245540,0.1111111111111111,0.125,0.5714285714285714,0.125,1.0,0.125,0.2222222222222222
245553,0.1111111111111111,0.125,0.5714285714285714,0.125,1.0,0.125,0.2222222222222222
245563,0.1111111111111111,0.0,0.0,0.0,1.0,0.125,0.2222222222222222
245569,0.1111111111111111,0.0,0.0,0.0,1.0,0.125,0.2222222222222222
245574,0.2222222222222222,0.125,0.5714285714285714,0.125,1.0,0.5,0.1111111111111111
245611,0.037037037037037035,0.125,0.07142857142857142,0.125,0.0,0.0,0.0
245613,0.037037037037037035,0.125,0.07142857142857142,0.125,0.0,0.0,0.0
245636,0.18518518518518517,0.125,0.5714285714285714,0.125,1.0,0.375,0.1111111111111111
245651,0.07407407407407407,0.125,0.5714285714285714,0.125,1.0,0.125,0.1111111111111111
245653,0.18518518518518517,0.125,0.5714285714285714,0.125,1.0,0.125,0.4444444444444444
245654,0.1111111111111111,0.125,0.5714285714285714,0.125,1.0,0.25,0.1111111111111111
245665,0.2222222222222222,0.5,0.3571428571428571,0.125,1.0,0.625,0.1111111111111111
245671,0.18518518518518517,0.5,0.3571428571428571,0.125,1.0,0.25,0.2222222222222222
245696,0.07407407407407407,0.625,0.2857142857142857,0.125,1.0,0.125,0.1111111111111111
245699,0.14814814814814814,0.125,0.5714285714285714,0.125,1.0,0.25,0.1111111111111111
245701,0.07407407407407407,0.125,0.5714285714285714,0.125,1.0,0.125,0.1111111111111111
245711,0.1111111111111111,0.375,0.4285714285714285,0.125,1.0,0.125,0.2222222222222222
245718,0.14814814814814814,0.25,0.3571428571428571,0.375,1.0,0.25,0.1111111111111111
245719,0.037037037037037035,0.125,0.07142857142857142,0.125,0.0,0.0,0.0
245747,0.1111111111111111,0.125,0.5714285714285714,0.125,1.0,0.125,0.2222222222222222
245794,0.18518518518518517,0.375,0.4285714285714285,0.125,1.0,0.375,0.1111111111111111
245797,0.07407407407407407,0.125,0.5714285714285714,0.125,1.0,0.125,0.1111111111111111
245802,0.07407407407407407,0.875,0.14285714285714285,0.125,1.0,0.125,0.1111111111111111
245811,0.1111111111111111,0.375,0.4285714285714285,0.125,1.0,0.125,0.2222222222222222
245820,0.18518518518518517,0.125,0.5714285714285714,0.125,1.0,0.5,0.1111111111111111
245831,0.1111111111111111,0.125,0.5714285714285714,0.125,1.0,0.125,0.2222222222222222
245847,0.07407407407407407,0.125,0.5714285714285714,0.125,1.0,0.125,0.1111111111111111
245865,0.37037037037037035,0.125,0.5714285714285714,0.125,1.0,0.25,0.4444444444444444
245867,0.1111111111111111,0.125,0.5714285714285714,0.125,1.0,0.25,0.1111111111111111
245895,0.3333333333333333,0.125,0.5,0.25,1.0,0.125,0.8888888888888888
245896,0.4074074074074074,0.125,0.5714285714285714,0.125,1.0,0.375,0.3333333333333333
245899,0.18518518518518517,0.125,0.5714285714285714,0.125,1.0,0.5,0.1111111111111111
245948,0.4444444444444444,0.75,0.21428571428571427,0.125,1.0,0.75,0.1111111111111111
245954,0.0,0.0,0.0,0.0,0.0,0.0,0.0
245990,0.07407407407407407,0.125,0.5714285714285714,0.125,1.0,0.125,0.1111111111111111
245991,0.18518518518518517,0.125,0.5714285714285714,0.125,1.0,0.375,0.1111111111111111
246006,0.0,0.0,0.0,0.0,0.0,0.0,0.0
246014,0.07407407407407407,0.125,0.5714285714285714,0.125,1.0,0.125,0.1111111111111111
246015,0.18518518518518517,0.125,0.5714285714285714,0.125,1.0,0.25,0.2222222222222222
246056,0.2222222222222222,0.125,0.5714285714285714,0.125,1.0,0.5,0.1111111111111111
246064,0.1111111111111111,0.125,0.5714285714285714,0.125,1.0,0.125,0.2222222222222222
246067,0.14814814814814814,0.0,0.07142857142857142,0.0,1.0,0.125,0.3333333333333333
246076,0.07407407407407407,0.125,0.5714285714285714,0.125,1.0,0.125,0.1111111111111111
246101,0.1111111111111111,0.375,0.14285714285714285,0.625,1.0,0.25,0.1111111111111111
246131,0.2222222222222222,0.125,0.5714285714285714,0.125,1.0,0.25,0.2222222222222222
246157,0.1111111111111111,0.125,0.5714285714285714,0.125,1.0,0.125,0.2222222222222222
246163,0.14814814814814814,0.125,0.5714285714285714,0.125,1.0,0.375,0.1111111111111111
246175,0.037037037037037035,0.125,0.07142857142857142,0.125,0.0,0.0,0.0
246204,0.1111111111111111,1.0,0.07142857142857142,0.125,1.0,0.25,0.1111111111111111
246243,0.037037037037037035,0.125,0.07142857142857142,0.125,0.0,0.0,0.0
246249,0.1111111111111111,0.125,0.5714285714285714,0.125,1.0,0.125,0.2222222222222222
246251,0.2222222222222222,0.5,0.3571428571428571,0.125,1.0,0.375,0.1111111111111111
246269,0.07407407407407407,1.0,0.07142857142857142,0.125,1.0,0.125,0.1111111111111111
246281,0.1111111111111111,0.125,0.5714285714285714,0.125,1.0,0.25,0.1111111111111111
246285,0.037037037037037035,0.125,0.07142857142857142,0.125,0.0,0.0,0.0
246292,0.0,0.0,0.0,0.0,0.0,0.0,0.0
246328,0.6296296296296295,0.125,0.5714285714285714,0.125,1.0,0.5,0.4444444444444444
246343,0.1111111111111111,0.125,0.5,0.25,1.0,0.25,0.1111111111111111
246366,0.1111111111111111,0.125,0.5714285714285714,0.125,1.0,0.25,0.1111111111111111
246377,0.07407407407407407,1.0,0.07142857142857142,0.125,1.0,0.125,0.1111111111111111
246389,0.0,0.0,0.0,0.0,0.0,0.0,0.0
246390,0.07407407407407407,0.125,0.5714285714285714,0.125,1.0,0.125,0.1111111111111111
246402,0.1111111111111111,1.0,0.07142857142857142,0.125,1.0,0.25,0.1111111111111111
246497,0.1111111111111111,0.25,0.3571428571428571,0.375,1.0,0.25,0.1111111111111111
246500,0.2222222222222222,0.375,0.14285714285714285,0.625,1.0,0.5,0.1111111111111111
246502,0.07407407407407407,0.375,0.4285714285714285,0.125,1.0,0.125,0.1111111111111111
246508,0.07407407407407407,1.0,0.07142857142857142,0.125,1.0,0.125,0.1111111111111111
246517,0.07407407407407407,0.25,0.5,0.125,1.0,0.125,0.1111111111111111
246518,0.037037037037037035,0.125,0.07142857142857142,0.125,0.0,0.0,0.0
246533,0.2222222222222222,0.125,0.5714285714285714,0.125,1.0,0.125,0.5555555555555556
246536,0.1111111111111111,0.125,0.5714285714285714,0.125,1.0,0.25,0.1111111111111111
246541,0.037037037037037035,0.125,0.07142857142857142,0.125,0.0,0.0,0.0
246545,0.07407407407407407,0.5,0.3571428571428571,0.125,1.0,0.125,0.1111111111111111
246578,0.14814814814814814,0.125,0.5714285714285714,0.125,1.0,0.25,0.1111111111111111
246588,0.14814814814814814,0.125,0.5714285714285714,0.125,1.0,0.25,0.1111111111111111
246610,0.14814814814814814,0.125,0.5714285714285714,0.125,1.0,0.25,0.1111111111111111
246619,0.07407407407407407,0.375,0.14285714285714285,0.625,1.0,0.125,0.1111111111111111
246628,0.18518518518518517,0.125,0.5714285714285714,0.125,1.0,0.125,0.4444444444444444
246647,0.07407407407407407,1.0,0.07142857142857142,0.125,1.0,0.125,0.1111111111111111
246652,0.14814814814814814,0.25,0.3571428571428571,0.375,1.0,0.25,0.1111111111111111
246666,0.07407407407407407,1.0,0.07142857142857142,0.125,1.0,0.125,0.1111111111111111
246696,0.07407407407407407,0.125,0.5714285714285714,0.125,1.0,0.125,0.1111111111111111
246702,0.1111111111111111,0.125,0.5,0.25,1.0,0.25,0.1111111111111111
246706,0.1111111111111111,1.0,0.07142857142857142,0.125,1.0,0.125,0.2222222222222222
246715,0.14814814814814814,0.5,0.3571428571428571,0.125,1.0,0.125,0.3333333333333333
246733,0.18518518518518517,0.25,0.5,0.125,1.0,0.375,0.1111111111111111
246735,0.2222222222222222,0.25,0.4285714285714285,0.25,1.0,0.5,0.1111111111111111
246743,0.14814814814814814,0.125,0.5714285714285714,0.125,1.0,0.25,0.1111111111111111
246748,0.14814814814814814,0.125,0.14285714285714285,0.875,1.0,0.125,0.3333333333333333
246762,0.1111111111111111,1.0,0.07142857142857142,0.125,1.0,0.125,0.2222222222222222
246772,0.1111111111111111,0.125,0.5714285714285714,0.125,1.0,0.125,0.2222222222222222
246773,0.037037037037037035,0.125,0.07142857142857142,0.125,0.0,0.0,0.0
246779,0.18518518518518517,0.125,0.5,0.25,1.0,0.375,0.1111111111111111
246782,0.1111111111111111,0.0,0.9999999999999999,0.0,1.0,0.25,0.1111111111111111
246785,0.14814814814814814,0.125,0.5714285714285714,0.125,1.0,0.25,0.1111111111111111
246806,0.14814814814814814,0.25,0.4285714285714285,0.25,1.0,0.25,0.1111111111111111
246826,0.037037037037037035,0.125,0.07142857142857142,0.125,0.0,0.0,0.0
246854,0.4444444444444444,0.125,0.5714285714285714,0.125,1.0,0.375,0.3333333333333333
246860,0.1111111111111111,0.0,0.0,0.0,1.0,0.125,0.2222222222222222
246865,0.14814814814814814,0.125,0.5714285714285714,0.125,1.0,0.25,0.1111111111111111
246866,0.07407407407407407,0.125,0.5714285714285714,0.125,1.0,0.125,0.1111111111111111
246877,0.1111111111111111,0.625,0.2857142857142857,0.125,1.0,0.125,0.2222222222222222
246939,0.18518518518518517,0.25,0.5,0.125,1.0,0.375,0.1111111111111111
246981,0.07407407407407407,1.0,0.07142857142857142,0.125,1.0,0.125,0.1111111111111111
246992,0.18518518518518517,0.125,0.5714285714285714,0.125,1.0,0.125,0.4444444444444444
247082,0.18518518518518517,0.125,0.5714285714285714,0.125,1.0,0.25,0.2222222222222222
247090,0.14814814814814814,0.125,0.5714285714285714,0.125,1.0,0.25,0.1111111111111111
247091,0.48148148148148145,0.25,0.5,0.125,1.0,0.75,0.2222222222222222
247106,0.2962962962962963,0.375,0.4285714285714285,0.125,1.0,0.125,0.7777777777777777
247122,0.1111111111111111,0.125,0.5714285714285714,0.125,1.0,0.25,0.1111111111111111
247125,0.37037037037037035,0.125,0.5714285714285714,0.125,1.0,0.375,0.3333333333333333
247134,0.037037037037037035,0.125,0.07142857142857142,0.125,0.0,0.0,0.0
247144,0.4444444444444444,0.125,0.5714285714285714,0.125,1.0,0.25,0.5555555555555556
247158,0.9629629629629628,0.125,0.5714285714285714,0.125,1.0,0.5,0.6666666666666666
247159,0.07407407407407407,1.0,0.07142857142857142,0.125,1.0,0.125,0.1111111111111111
247168,0.14814814814814814,0.125,0.5714285714285714,0.125,1.0,0.25,0.1111111111111111
247189,0.07407407407407407,0.125,0.5714285714285714,0.125,1.0,0.125,0.1111111111111111
247193,0.3333333333333333,0.125,0.5714285714285714,0.125,1.0,0.25,0.4444444444444444
247203,0.14814814814814814,0.5,0.3571428571428571,0.125,1.0,0.25,0.1111111111111111
247205,0.25925925925925924,0.125,0.4285714285714285,0.375,1.0,0.625,0.1111111111111111
247218,0.2222222222222222,0.125,0.5714285714285714,0.125,1.0,0.125,0.5555555555555556
247236,0.14814814814814814,0.125,0.5714285714285714,0.125,1.0,0.25,0.1111111111111111
247256,0.037037037037037035,0.125,0.07142857142857142,0.125,0.0,0.0,0.0
247257,0.14814814814814814,0.375,0.4285714285714285,0.125,1.0,0.125,0.3333333333333333
247262,0.14814814814814814,0.75,0.21428571428571427,0.125,1.0,0.25,0.1111111111111111
247264,0.07407407407407407,0.0,0.0,0.0,1.0,0.125,0.1111111111111111
247275,0.25925925925925924,0.125,0.5714285714285714,0.125,1.0,0.375,0.2222222222222222
247293,0.2222222222222222,0.375,0.2857142857142857,0.375,1.0,0.25,0.2222222222222222
247297,0.1111111111111111,0.25,0.2857142857142857,0.5,1.0,0.25,0.1111111111111111
247305,0.037037037037037035,0.125,0.07142857142857142,0.125,0.0,0.0,0.0
247308,0.2222222222222222,0.0,0.0,0.0,1.0,0.375,0.1111111111111111
247312,0.2222222222222222,0.375,0.4285714285714285,0.125,1.0,0.25,0.2222222222222222
247323,0.14814814814814814,0.375,0.2857142857142857,0.375,1.0,0.25,0.1111111111111111
247326,0.1111111111111111,0.125,0.3571428571428571,0.5,1.0,0.25,0.1111111111111111
247351,1.0,0.125,0.07142857142857142,1.0,1.0,0.5,0.6666666666666666
247366,0.07407407407407407,0.125,0.5714285714285714,0.125,1.0,0.125,0.1111111111111111
247367,0.2222222222222222,0.125,0.5714285714285714,0.125,1.0,0.125,0.5555555555555556
247369,0.2222222222222222,0.125,0.5714285714285714,0.125,1.0,0.375,0.1111111111111111
247375,0.1111111111111111,0.125,0.2857142857142857,0.625,1.0,0.25,0.1111111111111111
247382,0.0,0.0,0.0,0.0,0.0,0.0,0.0
247401,0.18518518518518517,0.125,0.5714285714285714,0.125,1.0,0.125,0.4444444444444444
247409,0.07407407407407407,0.0,0.0,0.0,1.0,0.125,0.1111111111111111
247418,0.14814814814814814,0.125,0.5,0.25,1.0,0.25,0.1111111111111111
247436,0.0,0.0,0.0,0.0,0.0,0.125,0.1111111111111111
247442,0.037037037037037035,0.125,0.07142857142857142,0.125,0.0,0.0,0.0
247446,0.1111111111111111,0.375,0.4285714285714285,0.125,1.0,0.125,0.2222222222222222
247452,0.037037037037037035,0.125,0.07142857142857142,0.125,0.0,0.0,0.0
247471,0.1111111111111111,0.125,0.5714285714285714,0.125,1.0,0.25,0.1111111111111111
247479,0.25925925925925924,0.125,0.5714285714285714,0.125,1.0,0.125,0.6666666666666666
247491,0.3333333333333333,0.375,0.3571428571428571,0.25,1.0,0.25,0.4444444444444444
247494,0.2222222222222222,0.125,0.5714285714285714,0.125,1.0,0.5,0.1111111111111111
247500,0.2222222222222222,0.125,0.5,0.25,1.0,0.25,0.2222222222222222
247502,0.07407407407407407,1.0,0.07142857142857142,0.125,1.0,0.125,0.1111111111111111
247506,0.14814814814814814,0.125,0.5714285714285714,0.125,1.0,0.25,0.1111111111111111
247513,0.18518518518518517,0.125,0.5714285714285714,0.125,1.0,0.375,0.1111111111111111
247520,0.14814814814814814,0.125,0.4285714285714285,0.375,1.0,0.375,0.1111111111111111
247528,0.07407407407407407,0.875,0.14285714285714285,0.125,1.0,0.125,0.1111111111111111
247532,0.2222222222222222,0.125,0.2857142857142857,0.625,1.0,0.375,0.1111111111111111
247533,0.14814814814814814,0.0,0.0,0.0,1.0,0.125,0.3333333333333333
247536,0.14814814814814814,0.125,0.5714285714285714,0.125,1.0,0.25,0.1111111111111111
247573,0.2222222222222222,0.125,0.5714285714285714,0.125,1.0,0.25,0.2222222222222222
247586,0.3333333333333333,0.125,0.4285714285714285,0.375,1.0,0.5,0.2222222222222222
247601,0.07407407407407407,0.75,0.21428571428571427,0.125,1.0,0.125,0.1111111111111111
247629,0.18518518518518517,0.125,0.5714285714285714,0.125,1.0,0.375,0.1111111111111111
247635,0.07407407407407407,0.125,0.5714285714285714,0.125,1.0,0.125,0.1111111111111111
247649,0.1111111111111111,0.125,0.5714285714285714,0.125,1.0,0.125,0.2222222222222222
247653,0.2962962962962963,0.25,0.3571428571428571,0.375,1.0,0.375,0.2222222222222222
247664,0.037037037037037035,0.125,0.07142857142857142,0.125,0.0,0.0,0.0
247665,0.18518518518518517,0.125,0.5714285714285714,0.125,1.0,0.375,0.1111111111111111
247675,0.25925925925925924,0.125,0.5714285714285714,0.125,1.0,0.25,0.3333333333333333
247684,0.25925925925925924,0.125,0.5714285714285714,0.125,1.0,0.25,0.3333333333333333
247694,0.07407407407407407,0.125,0.5714285714285714,0.125,1.0,0.125,0.1111111111111111
247695,0.1111111111111111,0.125,0.5714285714285714,0.125,1.0,0.125,0.2222222222222222
247696,0.1111111111111111,0.0,0.14285714285714285,0.0,1.0,0.25,0.1111111111111111
247710,0.0,0.0,0.0,0.0,0.0,0.0,0.0
247716,0.07407407407407407,0.25,0.3571428571428571,0.375,1.0,0.125,0.1111111111111111
247719,0.14814814814814814,0.0,0.5,0.0,1.0,0.25,0.1111111111111111
247745,0.25925925925925924,0.5,0.3571428571428571,0.125,1.0,0.25,0.3333333333333333
247752,0.14814814814814814,0.125,0.5714285714285714,0.125,1.0,0.25,0.1111111111111111
247756,0.48148148148148145,0.125,0.5714285714285714,0.125,1.0,0.625,0.2222222222222222
247777,0.37037037037037035,0.5,0.3571428571428571,0.125,1.0,0.375,0.3333333333333333
247780,0.1111111111111111,0.125,0.5714285714285714,0.125,1.0,0.25,0.1111111111111111
247782,0.037037037037037035,0.125,0.07142857142857142,0.125,0.0,0.0,0.0
247817,0.07407407407407407,0.375,0.4285714285714285,0.125,1.0,0.125,0.1111111111111111
247818,0.18518518518518517,0.125,0.5714285714285714,0.125,1.0,0.125,0.4444444444444444
247821,0.25925925925925924,0.125,0.5714285714285714,0.125,1.0,0.375,0.2222222222222222
247822,0.14814814814814814,0.625,0.2857142857142857,0.125,1.0,0.375,0.1111111111111111
247823,0.07407407407407407,0.125,0.5714285714285714,0.125,1.0,0.125,0.1111111111111111
247847,0.18518518518518517,0.375,0.4285714285714285,0.125,1.0,0.375,0.1111111111111111
247850,0.37037037037037035,0.125,0.5714285714285714,0.125,1.0,0.5,0.2222222222222222
247871,0.07407407407407407,0.125,0.5714285714285714,0.125,1.0,0.125,0.1111111111111111
247882,0.07407407407407407,0.125,0.5714285714285714,0.125,1.0,0.125,0.1111111111111111
247884,0.14814814814814814,0.125,0.5714285714285714,0.125,1.0,0.375,0.1111111111111111
247890,0.3333333333333333,0.125,0.5714285714285714,0.125,1.0,0.125,0.8888888888888888
247908,0.25925925925925924,0.125,0.5714285714285714,0.125,1.0,0.125,0.6666666666666666
247919,0.18518518518518517,0.125,0.5714285714285714,0.125,1.0,0.125,0.4444444444444444
247920,0.2962962962962963,0.25,0.2857142857142857,0.5,1.0,0.25,0.3333333333333333
247935,0.1111111111111111,0.0,0.0,0.0,1.0,0.125,0.2222222222222222
247938,0.1111111111111111,0.125,0.5714285714285714,0.125,1.0,0.125,0.2222222222222222
247947,0.1111111111111111,1.0,0.07142857142857142,0.125,1.0,0.125,0.2222222222222222
247950,0.07407407407407407,0.375,0.4285714285714285,0.125,1.0,0.125,0.1111111111111111
248008,0.14814814814814814,0.5,0.3571428571428571,0.125,1.0,0.25,0.1111111111111111
248016,0.037037037037037035,0.125,0.07142857142857142,0.125,0.0,0.0,0.0
248019,0.037037037037037035,0.125,0.07142857142857142,0.125,0.0,0.0,0.0
248041,0.25925925925925924,0.625,0.14285714285714285,0.375,1.0,0.375,0.2222222222222222
248059,0.25925925925925924,0.125,0.5714285714285714,0.125,1.0,0.25,0.3333333333333333
248066,0.0,0.0,0.0,0.0,0.0,0.0,0.0
248071,0.07407407407407407,1.0,0.07142857142857142,0.125,1.0,0.125,0.1111111111111111
248107,0.037037037037037035,0.125,0.07142857142857142,0.125,0.0,0.0,0.0
248119,0.18518518518518517,0.125,0.5714285714285714,0.125,1.0,0.375,0.1111111111111111
248121,0.3333333333333333,0.375,0.2857142857142857,0.375,1.0,0.5,0.2222222222222222
248134,0.25925925925925924,0.125,0.5714285714285714,0.125,1.0,0.5,0.1111111111111111
248174,0.18518518518518517,0.125,0.5714285714285714,0.125,1.0,0.25,0.2222222222222222
248176,0.14814814814814814,0.875,0.14285714285714285,0.125,1.0,0.125,0.3333333333333333
248212,0.18518518518518517,0.25,0.3571428571428571,0.375,1.0,0.5,0.1111111111111111
248223,0.18518518518518517,0.125,0.5714285714285714,0.125,1.0,0.25,0.2222222222222222
248241,0.037037037037037035,0.125,0.07142857142857142,0.125,0.0,0.0,0.0
248247,0.07407407407407407,0.125,0.5714285714285714,0.125,1.0,0.125,0.1111111111111111
248253,0.2962962962962963,0.25,0.3571428571428571,0.375,1.0,0.25,0.3333333333333333
248291,0.48148148148148145,0.0,0.0,0.0,1.0,1.0,0.1111111111111111
248308,0.037037037037037035,0.125,0.07142857142857142,0.125,0.0,0.0,0.0
248310,0.14814814814814814,0.125,0.5714285714285714,0.125,1.0,0.25,0.1111111111111111
248317,0.18518518518518517,0.0,0.14285714285714285,0.0,1.0,0.125,0.4444444444444444
248322,0.0,0.0,0.0,0.0,0.0,0.0,0.0
248329,0.5185185185185185,0.375,0.4285714285714285,0.125,1.0,0.625,0.2222222222222222
248335,0.25925925925925924,0.125,0.5714285714285714,0.125,1.0,0.625,0.1111111111111111
248350,0.2962962962962963,0.125,0.5714285714285714,0.125,1.0,0.5,0.1111111111111111
248376,0.18518518518518517,0.25,0.3571428571428571,0.375,1.0,0.25,0.2222222222222222
248378,0.14814814814814814,0.125,0.5714285714285714,0.125,1.0,0.375,0.1111111111111111
248380,0.07407407407407407,0.125,0.5714285714285714,0.125,1.0,0.125,0.1111111111111111
248381,0.037037037037037035,0.125,0.07142857142857142,0.125,0.0,0.0,0.0
248398,0.18518518518518517,0.125,0.5714285714285714,0.125,1.0,0.25,0.2222222222222222
248403,0.14814814814814814,0.125,0.5714285714285714,0.125,1.0,0.25,0.1111111111111111
248405,0.037037037037037035,0.125,0.07142857142857142,0.125,0.0,0.0,0.0
248423,0.037037037037037035,0.125,0.07142857142857142,0.125,0.0,0.0,0.0
248433,0.07407407407407407,1.0,0.07142857142857142,0.125,1.0,0.125,0.1111111111111111
248450,0.2222222222222222,0.125,0.5714285714285714,0.125,1.0,0.125,0.5555555555555556
248451,0.18518518518518517,0.125,0.5714285714285714,0.125,1.0,0.5,0.1111111111111111
248472,0.07407407407407407,0.25,0.2857142857142857,0.5,1.0,0.125,0.1111111111111111
248497,0.3333333333333333,0.125,0.5714285714285714,0.125,1.0,0.375,0.2222222222222222
248505,0.037037037037037035,0.125,0.07142857142857142,0.125,0.0,0.0,0.0
248547,0.07407407407407407,0.125,0.5714285714285714,0.125,1.0,0.125,0.1111111111111111
248566,0.07407407407407407,0.375,0.4285714285714285,0.125,1.0,0.125,0.1111111111111111
248570,0.14814814814814814,0.25,0.5,0.125,1.0,0.375,0.1111111111111111
248594,0.07407407407407407,1.0,0.07142857142857142,0.125,1.0,0.125,0.1111111111111111
248602,0.25925925925925924,0.125,0.5714285714285714,0.125,1.0,0.125,0.6666666666666666
248615,0.07407407407407407,0.5,0.3571428571428571,0.125,1.0,0.125,0.1111111111111111
248620,0.7407407407407407,0.0,0.14285714285714285,0.0,1.0,0.75,0.3333333333333333
248636,0.18518518518518517,0.125,0.5714285714285714,0.125,1.0,0.125,0.4444444444444444
248640,0.14814814814814814,0.375,0.4285714285714285,0.125,1.0,0.25,0.1111111111111111
248645,0.18518518518518517,0.125,0.5714285714285714,0.125,1.0,0.5,0.1111111111111111
248658,0.1111111111111111,0.375,0.4285714285714285,0.125,1.0,0.125,0.2222222222222222
248665,0.07407407407407407,0.125,0.5714285714285714,0.125,1.0,0.125,0.1111111111111111
248711,0.2962962962962963,0.125,0.5714285714285714,0.125,1.0,0.375,0.2222222222222222
248717,0.4444444444444444,0.25,0.3571428571428571,0.375,1.0,0.5,0.2222222222222222
248720,0.3333333333333333,0.125,0.5714285714285714,0.125,1.0,0.25,0.4444444444444444
248736,0.07407407407407407,0.0,0.07142857142857142,0.0,1.0,0.125,0.1111111111111111
248751,0.037037037037037035,0.125,0.07142857142857142,0.125,0.0,0.0,0.0
248785,0.18518518518518517,0.75,0.21428571428571427,0.125,1.0,0.125,0.4444444444444444
248791,0.1111111111111111,0.25,0.2857142857142857,0.5,1.0,0.125,0.2222222222222222
248809,0.07407407407407407,0.125,0.4285714285714285,0.375,1.0,0.125,0.1111111111111111
248811,0.14814814814814814,0.125,0.5714285714285714,0.125,1.0,0.25,0.1111111111111111
248837,0.07407407407407407,0.125,0.5714285714285714,0.125,1.0,0.125,0.1111111111111111
248843,0.3333333333333333,1.0,0.07142857142857142,0.125,1.0,0.25,0.4444444444444444
248850,0.25925925925925924,0.125,0.5714285714285714,0.125,1.0,0.25,0.3333333333333333
248851,0.14814814814814814,0.75,0.14285714285714285,0.25,1.0,0.125,0.3333333333333333
248863,0.07407407407407407,1.0,0.07142857142857142,0.125,1.0,0.125,0.1111111111111111
248876,0.3333333333333333,0.125,0.5714285714285714,0.125,1.0,0.5,0.2222222222222222
248912,0.14814814814814814,0.0,0.4285714285714285,0.0,1.0,0.125,0.3333333333333333
248924,0.2962962962962963,0.125,0.5714285714285714,0.125,1.0,0.25,0.3333333333333333
248957,0.07407407407407407,0.25,0.3571428571428571,0.375,1.0,0.125,0.1111111111111111
248992,0.0,0.0,0.0,0.0,0.0,0.0,0.0
249032,0.07407407407407407,0.125,0.5714285714285714,0.125,1.0,0.125,0.1111111111111111
249046,0.07407407407407407,1.0,0.07142857142857142,0.125,1.0,0.125,0.1111111111111111
249062,0.1111111111111111,0.125,0.5714285714285714,0.125,1.0,0.125,0.2222222222222222
249064,0.037037037037037035,0.125,0.07142857142857142,0.125,0.0,0.0,0.0
249066,0.18518518518518517,0.125,0.5714285714285714,0.125,1.0,0.125,0.4444444444444444
249073,0.1111111111111111,0.0,0.6428571428571428,0.0,1.0,0.25,0.1111111111111111
249099,0.14814814814814814,0.125,0.5714285714285714,0.125,1.0,0.125,0.3333333333333333
249118,0.07407407407407407,0.125,0.5,0.25,1.0,0.125,0.1111111111111111
249123,0.0,0.0,0.0,0.0,0.0,0.0,0.0
249126,0.3333333333333333,0.125,0.5714285714285714,0.125,1.0,0.625,0.1111111111111111
249180,0.14814814814814814,0.125,0.5714285714285714,0.125,1.0,0.25,0.1111111111111111
249182,0.14814814814814814,0.0,0.0,0.0,1.0,0.125,0.3333333333333333
249193,0.14814814814814814,0.0,0.6428571428571428,0.0,1.0,0.125,0.3333333333333333
249201,0.07407407407407407,0.125,0.5714285714285714,0.125,1.0,0.125,0.1111111111111111
249288,0.3333333333333333,0.125,0.5714285714285714,0.125,1.0,0.25,0.4444444444444444
249309,0.14814814814814814,0.125,0.14285714285714285,0.875,1.0,0.125,0.3333333333333333
249342,0.07407407407407407,0.375,0.3571428571428571,0.25,1.0,0.125,0.1111111111111111
249380,0.2962962962962963,0.375,0.4285714285714285,0.125,1.0,0.25,0.3333333333333333
249460,0.07407407407407407,0.125,0.5714285714285714,0.125,1.0,0.125,0.1111111111111111
249516,0.037037037037037035,0.125,0.07142857142857142,0.125,0.0,0.0,0.0
249553,0.14814814814814814,0.125,0.5714285714285714,0.125,1.0,0.25,0.1111111111111111
249561,0.07407407407407407,0.125,0.5714285714285714,0.125,1.0,0.125,0.1111111111111111
249564,0.037037037037037035,0.125,0.07142857142857142,0.125,0.0,0.0,0.0
249627,0.25925925925925924,0.125,0.5714285714285714,0.125,1.0,0.5,0.1111111111111111
249630,0.14814814814814814,0.375,0.4285714285714285,0.125,1.0,0.125,0.3333333333333333
249634,0.1111111111111111,0.125,0.5714285714285714,0.125,1.0,0.125,0.2222222222222222
249640,0.2222222222222222,0.125,0.4285714285714285,0.375,1.0,0.25,0.2222222222222222
249658,0.14814814814814814,0.125,0.5714285714285714,0.125,1.0,0.25,0.1111111111111111
249661,0.37037037037037035,0.125,0.5714285714285714,0.125,1.0,0.5,0.2222222222222222
249665,0.037037037037037035,0.125,0.07142857142857142,0.125,0.0,0.0,0.0
249669,0.2962962962962963,0.125,0.5714285714285714,0.125,1.0,0.25,0.3333333333333333
249673,0.037037037037037035,0.125,0.07142857142857142,0.125,0.0,0.0,0.0
249683,0.07407407407407407,0.25,0.3571428571428571,0.375,1.0,0.125,0.1111111111111111
249684,0.2222222222222222,0.5,0.3571428571428571,0.125,1.0,0.5,0.1111111111111111
249710,0.14814814814814814,0.125,0.5714285714285714,0.125,1.0,0.125,0.3333333333333333
249735,0.037037037037037035,0.125,0.07142857142857142,0.125,0.0,0.0,0.0
249775,0.07407407407407407,1.0,0.07142857142857142,0.125,1.0,0.125,0.1111111111111111
249791,0.18518518518518517,0.125,0.5714285714285714,0.125,1.0,0.25,0.2222222222222222
249803,0.14814814814814814,0.375,0.4285714285714285,0.125,1.0,0.25,0.1111111111111111
249807,0.3333333333333333,0.25,0.5,0.125,1.0,0.625,0.1111111111111111
249845,0.2962962962962963,0.125,0.5714285714285714,0.125,1.0,0.5,0.1111111111111111
249862,0.037037037037037035,0.125,0.07142857142857142,0.125,0.0,0.0,0.0
249870,0.4444444444444444,0.25,0.2857142857142857,0.5,1.0,0.75,0.1111111111111111
249920,0.1111111111111111,0.375,0.4285714285714285,0.125,1.0,0.25,0.1111111111111111
250011,0.2962962962962963,0.125,0.5714285714285714,0.125,1.0,0.375,0.2222222222222222
250015,0.07407407407407407,0.125,0.5714285714285714,0.125,1.0,0.125,0.1111111111111111
250042,0.037037037037037035,0.125,0.07142857142857142,0.125,0.0,0.0,0.0
250058,0.037037037037037035,0.125,0.07142857142857142,0.125,0.0,0.0,0.0
250088,0.18518518518518517,0.125,0.3571428571428571,0.5,1.0,0.375,0.1111111111111111
250141,0.07407407407407407,0.125,0.5714285714285714,0.125,1.0,0.125,0.1111111111111111
250209,0.3333333333333333,0.125,0.5714285714285714,0.125,1.0,0.625,0.1111111111111111
250214,0.07407407407407407,0.0,0.0,0.0,1.0,0.125,0.1111111111111111
250216,0.07407407407407407,1.0,0.07142857142857142,0.125,1.0,0.125,0.1111111111111111
250360,0.07407407407407407,1.0,0.07142857142857142,0.125,1.0,0.125,0.1111111111111111
250400,0.1111111111111111,0.625,0.2857142857142857,0.125,1.0,0.125,0.2222222222222222
250401,0.14814814814814814,0.625,0.2857142857142857,0.125,1.0,0.25,0.1111111111111111
250405,0.037037037037037035,0.125,0.07142857142857142,0.125,0.0,0.0,0.0
250424,0.2222222222222222,0.25,0.4285714285714285,0.25,1.0,0.25,0.2222222222222222
250485,0.18518518518518517,1.0,0.07142857142857142,0.125,1.0,0.25,0.2222222222222222
250542,0.1111111111111111,0.375,0.4285714285714285,0.125,1.0,0.25,0.1111111111111111
250677,0.07407407407407407,0.0,0.0,0.0,1.0,0.125,0.1111111111111111
250764,0.0,0.0,0.0,0.0,0.0,0.0,0.0
250809,0.1111111111111111,0.375,0.3571428571428571,0.25,1.0,0.25,0.1111111111111111
250868,0.14814814814814814,0.5,0.3571428571428571,0.125,1.0,0.25,0.1111111111111111
251096,0.14814814814814814,0.0,0.0,0.0,1.0,0.375,0.1111111111111111
251147,0.14814814814814814,0.0,0.0,0.0,1.0,0.25,0.1111111111111111
251150,0.18518518518518517,0.5,0.3571428571428571,0.125,1.0,0.375,0.1111111111111111
251271,0.037037037037037035,0.125,0.07142857142857142,0.125,0.0,0.0,0.0
251593,0.25925925925925924,0.5,0.3571428571428571,0.125,1.0,0.5,0.1111111111111111
251718,0.037037037037037035,0.125,0.07142857142857142,0.125,0.0,0.0,0.0
252105,0.0,0.0,0.0,0.0,0.0,0.0,0.0
252615,0.14814814814814814,0.125,0.5714285714285714,0.125,1.0,0.375,0.1111111111111111
252666,0.037037037037037035,0.125,0.07142857142857142,0.125,0.0,0.0,0.0
252758,0.07407407407407407,1.0,0.07142857142857142,0.125,1.0,0.125,0.1111111111111111
252927,0.14814814814814814,1.0,0.07142857142857142,0.125,1.0,0.25,0.1111111111111111
253121,0.07407407407407407,0.0,0.0,0.0,1.0,0.125,0.1111111111111111
253163,0.07407407407407407,0.125,0.5714285714285714,0.125,1.0,0.125,0.1111111111111111
253581,0.07407407407407407,1.0,0.07142857142857142,0.125,1.0,0.125,0.1111111111111111
253655,0.07407407407407407,1.0,0.07142857142857142,0.125,1.0,0.125,0.1111111111111111
253797,0.037037037037037035,0.125,0.07142857142857142,0.125,0.0,0.0,0.0
255008,0.1111111111111111,1.0,0.07142857142857142,0.125,1.0,0.25,0.1111111111111111
256100,0.037037037037037035,0.125,0.07142857142857142,0.125,0.0,0.0,0.0
256465,0.037037037037037035,0.125,0.07142857142857142,0.125,0.0,0.0,0.0
256647,0.037037037037037035,0.125,0.07142857142857142,0.125,0.0,0.125,0.1111111111111111
256656,0.07407407407407407,0.0,0.0,0.0,1.0,0.125,0.1111111111111111
257041,0.037037037037037035,0.125,0.07142857142857142,0.125,0.0,0.0,0.0
257649,0.037037037037037035,0.125,0.07142857142857142,0.125,0.0,0.125,0.1111111111111111
260159,0.3333333333333333,0.125,0.5714285714285714,0.125,1.0,0.25,0.4444444444444444
260323,0.1111111111111111,1.0,0.07142857142857142,0.125,1.0,0.125,0.2222222222222222
261327,0.037037037037037035,0.125,0.07142857142857142,0.125,0.0,0.0,0.0
261795,0.07407407407407407,0.25,0.3571428571428571,0.375,1.0,0.125,0.1111111111111111
262357,0.2222222222222222,0.125,0.5714285714285714,0.125,1.0,0.375,0.1111111111111111
262361,0.07407407407407407,0.25,0.5,0.125,1.0,0.125,0.1111111111111111
262646,0.2222222222222222,1.0,0.07142857142857142,0.125,1.0,0.25,0.2222222222222222
262660,0.1111111111111111,0.25,0.3571428571428571,0.375,1.0,0.25,0.1111111111111111
263011,0.1111111111111111,0.125,0.5714285714285714,0.125,1.0,0.25,0.1111111111111111
263279,0.14814814814814814,0.125,0.5714285714285714,0.125,1.0,0.25,0.1111111111111111
264562,0.14814814814814814,0.125,0.5714285714285714,0.125,1.0,0.375,0.1111111111111111
264590,0.18518518518518517,0.875,0.14285714285714285,0.125,1.0,0.25,0.2222222222222222
264761,0.037037037037037035,0.125,0.07142857142857142,0.125,0.0,0.0,0.0
264811,0.037037037037037035,0.125,0.07142857142857142,0.125,0.0,0.0,0.0
264882,0.037037037037037035,0.125,0.07142857142857142,0.125,0.0,0.0,0.0
265618,0.1111111111111111,0.125,0.5714285714285714,0.125,1.0,0.25,0.1111111111111111
266230,0.25925925925925924,0.125,0.5714285714285714,0.125,1.0,0.25,0.3333333333333333
266818,0.18518518518518517,0.25,0.4285714285714285,0.25,1.0,0.125,0.4444444444444444
266949,0.07407407407407407,0.125,0.5714285714285714,0.125,1.0,0.125,0.1111111111111111
266958,0.07407407407407407,0.125,0.5714285714285714,0.125,1.0,0.125,0.1111111111111111
266967,0.07407407407407407,0.0,0.0,0.0,1.0,0.125,0.1111111111111111
266977,0.1111111111111111,0.125,0.5714285714285714,0.125,1.0,0.25,0.1111111111111111
267014,0.07407407407407407,1.0,0.07142857142857142,0.125,1.0,0.125,0.1111111111111111
267027,0.07407407407407407,0.0,0.07142857142857142,0.0,1.0,0.125,0.1111111111111111
267197,0.037037037037037035,0.125,0.07142857142857142,0.125,0.0,0.0,0.0
267215,0.037037037037037035,0.125,0.07142857142857142,0.125,0.0,0.0,0.0
267347,0.1111111111111111,0.125,0.4285714285714285,0.375,1.0,0.125,0.2222222222222222
267833,0.037037037037037035,0.125,0.07142857142857142,0.125,0.0,0.0,0.0
274919,0.037037037037037035,0.125,0.07142857142857142,0.125,0.0,0.0,0.0
